"","year","prov","sex","ageGrp","pop"
"1",2545,53,1,0,15252
"2",2545,53,1,5,17596
"3",2545,53,1,10,17164
"4",2545,53,1,15,37239
"5",2545,53,1,25,44537
"6",2545,53,1,35,42497
"7",2545,53,1,45,30368
"8",2545,53,1,55,17695
"9",2545,53,1,65,17983
"10",2545,53,2,0,14232
"11",2545,53,2,5,16531
"12",2545,53,2,10,16244
"13",2545,53,2,15,36098
"14",2545,53,2,25,44263
"15",2545,53,2,35,43310
"16",2545,53,2,45,31587
"17",2545,53,2,55,19241
"18",2545,53,2,65,22686
"19",2545,63,1,0,23092
"20",2545,63,1,5,23608
"21",2545,63,1,10,21104
"22",2545,63,1,15,43741
"23",2545,63,1,25,45116
"24",2545,63,1,35,40324
"25",2545,63,1,45,27405
"26",2545,63,1,55,15857
"27",2545,63,1,65,15167
"28",2545,63,2,0,21540
"29",2545,63,2,5,21895
"30",2545,63,2,10,19781
"31",2545,63,2,15,41412
"32",2545,63,2,25,42648
"33",2545,63,2,35,39124
"34",2545,63,2,45,27066
"35",2545,63,2,55,16391
"36",2545,63,2,65,17860
"37",2545,64,1,0,19416
"38",2545,64,1,5,23135
"39",2545,64,1,10,22178
"40",2545,64,1,15,47993
"41",2545,64,1,25,57696
"42",2545,64,1,35,55388
"43",2545,64,1,45,37007
"44",2545,64,1,55,21562
"45",2545,64,1,65,20758
"46",2545,64,2,0,17912
"47",2545,64,2,5,21581
"48",2545,64,2,10,20915
"49",2545,64,2,15,47098
"50",2545,64,2,25,58197
"51",2545,64,2,35,58234
"52",2545,64,2,45,40566
"53",2545,64,2,55,25486
"54",2545,64,2,65,29460
"55",2545,65,1,0,28173
"56",2545,65,1,5,32843
"57",2545,65,1,10,32489
"58",2545,65,1,15,73542
"59",2545,65,1,25,79282
"60",2545,65,1,35,76290
"61",2545,65,1,45,50139
"62",2545,65,1,55,29488
"63",2545,65,1,65,28516
"64",2545,65,2,0,26517
"65",2545,65,2,5,31326
"66",2545,65,2,10,30352
"67",2545,65,2,15,69697
"68",2545,65,2,25,79180
"69",2545,65,2,35,78023
"70",2545,65,2,45,53289
"71",2545,65,2,55,32707
"72",2545,65,2,65,36773
"73",2545,67,1,0,35532
"74",2545,67,1,5,40291
"75",2545,67,1,10,38942
"76",2545,67,1,15,90612
"77",2545,67,1,25,99655
"78",2545,67,1,35,86575
"79",2545,67,1,45,57923
"80",2545,67,1,55,35401
"81",2545,67,1,65,35535
"82",2545,67,2,0,33440
"83",2545,67,2,5,37914
"84",2545,67,2,10,36538
"85",2545,67,2,15,86517
"86",2545,67,2,25,96429
"87",2545,67,2,35,87444
"88",2545,67,2,45,59474
"89",2545,67,2,55,37404
"90",2545,67,2,65,42936
"91",2546,53,1,0,14507
"92",2546,53,1,5,17448
"93",2546,53,1,10,17236
"94",2546,53,1,15,36106
"95",2546,53,1,25,43625
"96",2546,53,1,35,42677
"97",2546,53,1,45,31559
"98",2546,53,1,55,17895
"99",2546,53,1,65,18486
"100",2546,53,2,0,13541
"101",2546,53,2,5,16469
"102",2546,53,2,10,16299
"103",2546,53,2,15,34888
"104",2546,53,2,25,43377
"105",2546,53,2,35,43494
"106",2546,53,2,45,32908
"107",2546,53,2,55,19473
"108",2546,53,2,65,23324
"109",2546,63,1,0,22738
"110",2546,63,1,5,23576
"111",2546,63,1,10,21591
"112",2546,63,1,15,42916
"113",2546,63,1,25,44207
"114",2546,63,1,35,40519
"115",2546,63,1,45,28066
"116",2546,63,1,55,16076
"117",2546,63,1,65,15458
"118",2546,63,2,0,21278
"119",2546,63,2,5,21969
"120",2546,63,2,10,20131
"121",2546,63,2,15,40650
"122",2546,63,2,25,41911
"123",2546,63,2,35,39485
"124",2546,63,2,45,27823
"125",2546,63,2,55,16510
"126",2546,63,2,65,18138
"127",2546,64,1,0,18305
"128",2546,64,1,5,22882
"129",2546,64,1,10,22509
"130",2546,64,1,15,46353
"131",2546,64,1,25,56641
"132",2546,64,1,35,56193
"133",2546,64,1,45,38556
"134",2546,64,1,55,21792
"135",2546,64,1,65,21390
"136",2546,64,2,0,16801
"137",2546,64,2,5,21292
"138",2546,64,2,10,21301
"139",2546,64,2,15,45327
"140",2546,64,2,25,56989
"141",2546,64,2,35,58855
"142",2546,64,2,45,42223
"143",2546,64,2,55,25669
"144",2546,64,2,65,30318
"145",2546,65,1,0,26603
"146",2546,65,1,5,32890
"147",2546,65,1,10,32436
"148",2546,65,1,15,70966
"149",2546,65,1,25,77916
"150",2546,65,1,35,77245
"151",2546,65,1,45,52353
"152",2546,65,1,55,29758
"153",2546,65,1,65,29448
"154",2546,65,2,0,25276
"155",2546,65,2,5,31108
"156",2546,65,2,10,30314
"157",2546,65,2,15,67570
"158",2546,65,2,25,77500
"159",2546,65,2,35,79472
"160",2546,65,2,45,55649
"161",2546,65,2,55,33191
"162",2546,65,2,65,37825
"163",2546,67,1,0,34436
"164",2546,67,1,5,40317
"165",2546,67,1,10,39876
"166",2546,67,1,15,88279
"167",2546,67,1,25,98983
"168",2546,67,1,35,88469
"169",2546,67,1,45,60793
"170",2546,67,1,55,36406
"171",2546,67,1,65,36589
"172",2546,67,2,0,32369
"173",2546,67,2,5,38055
"174",2546,67,2,10,37280
"175",2546,67,2,15,84232
"176",2546,67,2,25,95693
"177",2546,67,2,35,89568
"178",2546,67,2,45,62634
"179",2546,67,2,55,38404
"180",2546,67,2,65,44154
"181",2547,53,1,0,13915
"182",2547,53,1,5,16931
"183",2547,53,1,10,16894
"184",2547,53,1,15,34680
"185",2547,53,1,25,41979
"186",2547,53,1,35,41990
"187",2547,53,1,45,32309
"188",2547,53,1,55,18054
"189",2547,53,1,65,18579
"190",2547,53,2,0,13075
"191",2547,53,2,5,15987
"192",2547,53,2,10,15970
"193",2547,53,2,15,33485
"194",2547,53,2,25,41738
"195",2547,53,2,35,43111
"196",2547,53,2,45,33887
"197",2547,53,2,55,19634
"198",2547,53,2,65,23574
"199",2547,63,1,0,23132
"200",2547,63,1,5,23635
"201",2547,63,1,10,22358
"202",2547,63,1,15,42746
"203",2547,63,1,25,43892
"204",2547,63,1,35,41035
"205",2547,63,1,45,29192
"206",2547,63,1,55,16535
"207",2547,63,1,65,15513
"208",2547,63,2,0,21613
"209",2547,63,2,5,21842
"210",2547,63,2,10,20558
"211",2547,63,2,15,40271
"212",2547,63,2,25,41368
"213",2547,63,2,35,39930
"214",2547,63,2,45,28769
"215",2547,63,2,55,16812
"216",2547,63,2,65,18095
"217",2547,64,1,0,17694
"218",2547,64,1,5,22153
"219",2547,64,1,10,22407
"220",2547,64,1,15,44526
"221",2547,64,1,25,54985
"222",2547,64,1,35,55741
"223",2547,64,1,45,39751
"224",2547,64,1,55,22067
"225",2547,64,1,65,21634
"226",2547,64,2,0,16263
"227",2547,64,2,5,20578
"228",2547,64,2,10,21241
"229",2547,64,2,15,43590
"230",2547,64,2,25,55264
"231",2547,64,2,35,58383
"232",2547,64,2,45,43647
"233",2547,64,2,55,25869
"234",2547,64,2,65,30743
"235",2547,65,1,0,25529
"236",2547,65,1,5,31409
"237",2547,65,1,10,31862
"238",2547,65,1,15,68591
"239",2547,65,1,25,75346
"240",2547,65,1,35,76271
"241",2547,65,1,45,53948
"242",2547,65,1,55,29893
"243",2547,65,1,65,29760
"244",2547,65,2,0,24293
"245",2547,65,2,5,29693
"246",2547,65,2,10,29976
"247",2547,65,2,15,65081
"248",2547,65,2,25,74819
"249",2547,65,2,35,79161
"250",2547,65,2,45,57144
"251",2547,65,2,55,33426
"252",2547,65,2,65,38238
"253",2547,67,1,0,33096
"254",2547,67,1,5,38602
"255",2547,67,1,10,39251
"256",2547,67,1,15,84266
"257",2547,67,1,25,95714
"258",2547,67,1,35,87544
"259",2547,67,1,45,62295
"260",2547,67,1,55,36056
"261",2547,67,1,65,35903
"262",2547,67,2,0,31139
"263",2547,67,2,5,36778
"264",2547,67,2,10,36795
"265",2547,67,2,15,80639
"266",2547,67,2,25,92803
"267",2547,67,2,35,89077
"268",2547,67,2,45,64635
"269",2547,67,2,55,38454
"270",2547,67,2,65,43686
"271",2548,53,1,0,13571
"272",2548,53,1,5,16302
"273",2548,53,1,10,16602
"274",2548,53,1,15,33380
"275",2548,53,1,25,40531
"276",2548,53,1,35,41207
"277",2548,53,1,45,33050
"278",2548,53,1,55,18568
"279",2548,53,1,65,18667
"280",2548,53,2,0,12798
"281",2548,53,2,5,15407
"282",2548,53,2,10,15572
"283",2548,53,2,15,32366
"284",2548,53,2,25,40344
"285",2548,53,2,35,42520
"286",2548,53,2,45,34817
"287",2548,53,2,55,20117
"288",2548,53,2,65,23847
"289",2548,63,1,0,23934
"290",2548,63,1,5,24097
"291",2548,63,1,10,23367
"292",2548,63,1,15,43469
"293",2548,63,1,25,44436
"294",2548,63,1,35,41836
"295",2548,63,1,45,30654
"296",2548,63,1,55,17322
"297",2548,63,1,65,15664
"298",2548,63,2,0,22424
"299",2548,63,2,5,22030
"300",2548,63,2,10,21336
"301",2548,63,2,15,40594
"302",2548,63,2,25,41573
"303",2548,63,2,35,40532
"304",2548,63,2,45,30075
"305",2548,63,2,55,17453
"306",2548,63,2,65,18241
"307",2548,64,1,0,17559
"308",2548,64,1,5,21182
"309",2548,64,1,10,22186
"310",2548,64,1,15,43160
"311",2548,64,1,25,53346
"312",2548,64,1,35,54840
"313",2548,64,1,45,41045
"314",2548,64,1,55,22675
"315",2548,64,1,65,21906
"316",2548,64,2,0,16142
"317",2548,64,2,5,19657
"318",2548,64,2,10,20981
"319",2548,64,2,15,42311
"320",2548,64,2,25,53469
"321",2548,64,2,35,57618
"322",2548,64,2,45,45054
"323",2548,64,2,55,26558
"324",2548,64,2,65,31182
"325",2548,65,1,0,24892
"326",2548,65,1,5,29554
"327",2548,65,1,10,30967
"328",2548,65,1,15,66564
"329",2548,65,1,25,72813
"330",2548,65,1,35,74752
"331",2548,65,1,45,55424
"332",2548,65,1,55,30533
"333",2548,65,1,65,30171
"334",2548,65,2,0,23577
"335",2548,65,2,5,27953
"336",2548,65,2,10,29465
"337",2548,65,2,15,62685
"338",2548,65,2,25,72453
"339",2548,65,2,35,77982
"340",2548,65,2,45,58578
"341",2548,65,2,55,34157
"342",2548,65,2,65,38728
"343",2548,67,1,0,31733
"344",2548,67,1,5,36493
"345",2548,67,1,10,38022
"346",2548,67,1,15,80159
"347",2548,67,1,25,92482
"348",2548,67,1,35,85610
"349",2548,67,1,45,63207
"350",2548,67,1,55,35982
"351",2548,67,1,65,35116
"352",2548,67,2,0,30056
"353",2548,67,2,5,34875
"354",2548,67,2,10,35778
"355",2548,67,2,15,77042
"356",2548,67,2,25,89714
"357",2548,67,2,35,87432
"358",2548,67,2,45,66147
"359",2548,67,2,55,38788
"360",2548,67,2,65,43184
"361",2549,53,1,0,13395
"362",2549,53,1,5,15643
"363",2549,53,1,10,16644
"364",2549,53,1,15,32734
"365",2549,53,1,25,39567
"366",2549,53,1,35,41020
"367",2549,53,1,45,33928
"368",2549,53,1,55,19416
"369",2549,53,1,65,18919
"370",2549,53,2,0,12564
"371",2549,53,2,5,14768
"372",2549,53,2,10,15530
"373",2549,53,2,15,31598
"374",2549,53,2,25,39266
"375",2549,53,2,35,42324
"376",2549,53,2,45,35769
"377",2549,53,2,55,21051
"378",2549,53,2,65,24299
"379",2549,63,1,0,24034
"380",2549,63,1,5,24036
"381",2549,63,1,10,24029
"382",2549,63,1,15,43583
"383",2549,63,1,25,44297
"384",2549,63,1,35,41958
"385",2549,63,1,45,31635
"386",2549,63,1,55,17950
"387",2549,63,1,65,16072
"388",2549,63,2,0,22572
"389",2549,63,2,5,22116
"390",2549,63,2,10,21945
"391",2549,63,2,15,40599
"392",2549,63,2,25,41448
"393",2549,63,2,35,40700
"394",2549,63,2,45,31109
"395",2549,63,2,55,18096
"396",2549,63,2,65,18759
"397",2549,64,1,0,17521
"398",2549,64,1,5,20132
"399",2549,64,1,10,22232
"400",2549,64,1,15,42433
"401",2549,64,1,25,51912
"402",2549,64,1,35,54562
"403",2549,64,1,45,42377
"404",2549,64,1,55,23718
"405",2549,64,1,65,22415
"406",2549,64,2,0,16007
"407",2549,64,2,5,18639
"408",2549,64,2,10,20860
"409",2549,64,2,15,41557
"410",2549,64,2,25,51744
"411",2549,64,2,35,57496
"412",2549,64,2,45,46366
"413",2549,64,2,55,27779
"414",2549,64,2,65,31841
"415",2549,65,1,0,24899
"416",2549,65,1,5,28124
"417",2549,65,1,10,30731
"418",2549,65,1,15,65647
"419",2549,65,1,25,71478
"420",2549,65,1,35,74422
"421",2549,65,1,45,57435
"422",2549,65,1,55,31901
"423",2549,65,1,65,31032
"424",2549,65,2,0,23409
"425",2549,65,2,5,26607
"426",2549,65,2,10,29407
"427",2549,65,2,15,62575
"428",2549,65,2,25,71013
"429",2549,65,2,35,77929
"430",2549,65,2,45,60665
"431",2549,65,2,55,35618
"432",2549,65,2,65,39847
"433",2549,67,1,0,31464
"434",2549,67,1,5,35215
"435",2549,67,1,10,37830
"436",2549,67,1,15,78630
"437",2549,67,1,25,91375
"438",2549,67,1,35,86088
"439",2549,67,1,45,65339
"440",2549,67,1,55,37362
"441",2549,67,1,65,35797
"442",2549,67,2,0,29795
"443",2549,67,2,5,33479
"444",2549,67,2,10,35754
"445",2549,67,2,15,75242
"446",2549,67,2,25,88096
"447",2549,67,2,35,87777
"448",2549,67,2,45,68545
"449",2549,67,2,55,40322
"450",2549,67,2,65,44278
"451",2550,53,1,0,13273
"452",2550,53,1,5,14825
"453",2550,53,1,10,16658
"454",2550,53,1,15,32380
"455",2550,53,1,25,38552
"456",2550,53,1,35,40736
"457",2550,53,1,45,34691
"458",2550,53,1,55,20003
"459",2550,53,1,65,19121
"460",2550,53,2,0,12393
"461",2550,53,2,5,13930
"462",2550,53,2,10,15587
"463",2550,53,2,15,31022
"464",2550,53,2,25,38017
"465",2550,53,2,35,42157
"466",2550,53,2,45,36502
"467",2550,53,2,55,21847
"468",2550,53,2,65,24686
"469",2550,63,1,0,24136
"470",2550,63,1,5,23947
"471",2550,63,1,10,24507
"472",2550,63,1,15,43772
"473",2550,63,1,25,44279
"474",2550,63,1,35,42037
"475",2550,63,1,45,32647
"476",2550,63,1,55,18401
"477",2550,63,1,65,16065
"478",2550,63,2,0,22580
"479",2550,63,2,5,22226
"480",2550,63,2,10,22374
"481",2550,63,2,15,40582
"482",2550,63,2,25,41364
"483",2550,63,2,35,40817
"484",2550,63,2,45,32097
"485",2550,63,2,55,18636
"486",2550,63,2,65,18836
"487",2550,64,1,0,17559
"488",2550,64,1,5,18975
"489",2550,64,1,10,22211
"490",2550,64,1,15,42004
"491",2550,64,1,25,50712
"492",2550,64,1,35,53991
"493",2550,64,1,45,43771
"494",2550,64,1,55,24460
"495",2550,64,1,65,22460
"496",2550,64,2,0,16069
"497",2550,64,2,5,17511
"498",2550,64,2,10,20709
"499",2550,64,2,15,40982
"500",2550,64,2,25,50364
"501",2550,64,2,35,56951
"502",2550,64,2,45,47750
"503",2550,64,2,55,28566
"504",2550,64,2,65,32016
"505",2550,65,1,0,25043
"506",2550,65,1,5,26565
"507",2550,65,1,10,30857
"508",2550,65,1,15,65371
"509",2550,65,1,25,70701
"510",2550,65,1,35,73701
"511",2550,65,1,45,59413
"512",2550,65,1,55,32735
"513",2550,65,1,65,30786
"514",2550,65,2,0,23395
"515",2550,65,2,5,25248
"516",2550,65,2,10,29448
"517",2550,65,2,15,63300
"518",2550,65,2,25,69965
"519",2550,65,2,35,77568
"520",2550,65,2,45,62674
"521",2550,65,2,55,36471
"522",2550,65,2,65,39855
"523",2550,67,1,0,31557
"524",2550,67,1,5,33641
"525",2550,67,1,10,37744
"526",2550,67,1,15,77572
"527",2550,67,1,25,90279
"528",2550,67,1,35,86201
"529",2550,67,1,45,67416
"530",2550,67,1,55,38191
"531",2550,67,1,65,35414
"532",2550,67,2,0,29785
"533",2550,67,2,5,31891
"534",2550,67,2,10,35845
"535",2550,67,2,15,73662
"536",2550,67,2,25,86547
"537",2550,67,2,35,88007
"538",2550,67,2,45,70695
"539",2550,67,2,55,41335
"540",2550,67,2,65,44142
"541",2551,53,1,0,13083
"542",2551,53,1,5,14196
"543",2551,53,1,10,16640
"544",2551,53,1,15,32127
"545",2551,53,1,25,37519
"546",2551,53,1,35,40441
"547",2551,53,1,45,35206
"548",2551,53,1,55,20877
"549",2551,53,1,65,19334
"550",2551,53,2,0,12231
"551",2551,53,2,5,13254
"552",2551,53,2,10,15550
"553",2551,53,2,15,30651
"554",2551,53,2,25,36837
"555",2551,53,2,35,41777
"556",2551,53,2,45,37267
"557",2551,53,2,55,22740
"558",2551,53,2,65,25011
"559",2551,63,1,0,24131
"560",2551,63,1,5,24224
"561",2551,63,1,10,24807
"562",2551,63,1,15,44432
"563",2551,63,1,25,44369
"564",2551,63,1,35,42124
"565",2551,63,1,45,33420
"566",2551,63,1,55,19101
"567",2551,63,1,65,15994
"568",2551,63,2,0,22401
"569",2551,63,2,5,22512
"570",2551,63,2,10,22797
"571",2551,63,2,15,40976
"572",2551,63,2,25,41358
"573",2551,63,2,35,40896
"574",2551,63,2,45,32855
"575",2551,63,2,55,19403
"576",2551,63,2,65,18829
"577",2551,64,1,0,17516
"578",2551,64,1,5,18017
"579",2551,64,1,10,22005
"580",2551,64,1,15,41622
"581",2551,64,1,25,49751
"582",2551,64,1,35,53294
"583",2551,64,1,45,44959
"584",2551,64,1,55,25421
"585",2551,64,1,65,22402
"586",2551,64,2,0,16090
"587",2551,64,2,5,16553
"588",2551,64,2,10,20484
"589",2551,64,2,15,40350
"590",2551,64,2,25,49185
"591",2551,64,2,35,56256
"592",2551,64,2,45,48936
"593",2551,64,2,55,29661
"594",2551,64,2,65,32057
"595",2551,65,1,0,25054
"596",2551,65,1,5,25440
"597",2551,65,1,10,30903
"598",2551,65,1,15,65463
"599",2551,65,1,25,70224
"600",2551,65,1,35,72733
"601",2551,65,1,45,60887
"602",2551,65,1,55,33854
"603",2551,65,1,65,30151
"604",2551,65,2,0,23426
"605",2551,65,2,5,24348
"606",2551,65,2,10,29250
"607",2551,65,2,15,63736
"608",2551,65,2,25,69182
"609",2551,65,2,35,76749
"610",2551,65,2,45,64237
"611",2551,65,2,55,37737
"612",2551,65,2,65,39466
"613",2551,67,1,0,31518
"614",2551,67,1,5,32437
"615",2551,67,1,10,37545
"616",2551,67,1,15,76286
"617",2551,67,1,25,89275
"618",2551,67,1,35,86048
"619",2551,67,1,45,69104
"620",2551,67,1,55,39290
"621",2551,67,1,65,34910
"622",2551,67,2,0,29684
"623",2551,67,2,5,30666
"624",2551,67,2,10,35753
"625",2551,67,2,15,72212
"626",2551,67,2,25,85381
"627",2551,67,2,35,87843
"628",2551,67,2,45,72482
"629",2551,67,2,55,42542
"630",2551,67,2,65,43906
"631",2552,53,1,0,12833
"632",2552,53,1,5,13830
"633",2552,53,1,10,16452
"634",2552,53,1,15,31873
"635",2552,53,1,25,36379
"636",2552,53,1,35,40041
"637",2552,53,1,45,35825
"638",2552,53,1,55,21930
"639",2552,53,1,65,19650
"640",2552,53,2,0,11844
"641",2552,53,2,5,12898
"642",2552,53,2,10,15391
"643",2552,53,2,15,30186
"644",2552,53,2,25,35729
"645",2552,53,2,35,41230
"646",2552,53,2,45,38243
"647",2552,53,2,55,23908
"648",2552,53,2,65,25337
"649",2552,63,1,0,23378
"650",2552,63,1,5,23892
"651",2552,63,1,10,24345
"652",2552,63,1,15,44237
"653",2552,63,1,25,43177
"654",2552,63,1,35,41009
"655",2552,63,1,45,33468
"656",2552,63,1,55,19506
"657",2552,63,1,65,16038
"658",2552,63,2,0,21661
"659",2552,63,2,5,22394
"660",2552,63,2,10,22483
"661",2552,63,2,15,40901
"662",2552,63,2,25,40368
"663",2552,63,2,35,40036
"664",2552,63,2,45,33198
"665",2552,63,2,55,19989
"666",2552,63,2,65,18917
"667",2552,64,1,0,17370
"668",2552,64,1,5,17558
"669",2552,64,1,10,21534
"670",2552,64,1,15,41243
"671",2552,64,1,25,48570
"672",2552,64,1,35,52536
"673",2552,64,1,45,46339
"674",2552,64,1,55,26645
"675",2552,64,1,65,22672
"676",2552,64,2,0,15928
"677",2552,64,2,5,16123
"678",2552,64,2,10,19978
"679",2552,64,2,15,39714
"680",2552,64,2,25,47792
"681",2552,64,2,35,55170
"682",2552,64,2,45,50477
"683",2552,64,2,55,31187
"684",2552,64,2,65,32480
"685",2552,65,1,0,24843
"686",2552,65,1,5,24976
"687",2552,65,1,10,30262
"688",2552,65,1,15,65651
"689",2552,65,1,25,69295
"690",2552,65,1,35,71660
"691",2552,65,1,45,62521
"692",2552,65,1,55,35653
"693",2552,65,1,65,30489
"694",2552,65,2,0,23311
"695",2552,65,2,5,23888
"696",2552,65,2,10,28608
"697",2552,65,2,15,64004
"698",2552,65,2,25,67962
"699",2552,65,2,35,75339
"700",2552,65,2,45,66429
"701",2552,65,2,55,39880
"702",2552,65,2,65,40008
"703",2552,67,1,0,31165
"704",2552,67,1,5,31828
"705",2552,67,1,10,36867
"706",2552,67,1,15,75152
"707",2552,67,1,25,87753
"708",2552,67,1,35,85630
"709",2552,67,1,45,70784
"710",2552,67,1,55,41034
"711",2552,67,1,65,35404
"712",2552,67,2,0,29275
"713",2552,67,2,5,30064
"714",2552,67,2,10,35221
"715",2552,67,2,15,70758
"716",2552,67,2,25,84005
"717",2552,67,2,35,86951
"718",2552,67,2,45,74651
"719",2552,67,2,55,44468
"720",2552,67,2,65,44669
"721",2553,53,1,0,12507
"722",2553,53,1,5,13582
"723",2553,53,1,10,16089
"724",2553,53,1,15,31721
"725",2553,53,1,25,35326
"726",2553,53,1,35,39494
"727",2553,53,1,45,36455
"728",2553,53,1,55,23085
"729",2553,53,1,65,20043
"730",2553,53,2,0,11435
"731",2553,53,2,5,12673
"732",2553,53,2,10,15108
"733",2553,53,2,15,29938
"734",2553,53,2,25,34548
"735",2553,53,2,35,40622
"736",2553,53,2,45,39084
"737",2553,53,2,55,25288
"738",2553,53,2,65,25787
"739",2553,63,1,0,22714
"740",2553,63,1,5,23282
"741",2553,63,1,10,23741
"742",2553,63,1,15,43940
"743",2553,63,1,25,41786
"744",2553,63,1,35,39838
"745",2553,63,1,45,33601
"746",2553,63,1,55,20008
"747",2553,63,1,65,16148
"748",2553,63,2,0,21041
"749",2553,63,2,5,22132
"750",2553,63,2,10,21995
"751",2553,63,2,15,40672
"752",2553,63,2,25,39312
"753",2553,63,2,35,39023
"754",2553,63,2,45,33717
"755",2553,63,2,55,20670
"756",2553,63,2,65,19053
"757",2553,64,1,0,17139
"758",2553,64,1,5,17473
"759",2553,64,1,10,20797
"760",2553,64,1,15,41073
"761",2553,64,1,25,47272
"762",2553,64,1,35,51750
"763",2553,64,1,45,47610
"764",2553,64,1,55,28059
"765",2553,64,1,65,22930
"766",2553,64,2,0,15771
"767",2553,64,2,5,16013
"768",2553,64,2,10,19214
"769",2553,64,2,15,39212
"770",2553,64,2,25,46384
"771",2553,64,2,35,53825
"772",2553,64,2,45,52038
"773",2553,64,2,55,32972
"774",2553,64,2,65,32764
"775",2553,65,1,0,24400
"776",2553,65,1,5,24978
"777",2553,65,1,10,29254
"778",2553,65,1,15,65759
"779",2553,65,1,25,68267
"780",2553,65,1,35,70619
"781",2553,65,1,45,64291
"782",2553,65,1,55,37793
"783",2553,65,1,65,31082
"784",2553,65,2,0,23063
"785",2553,65,2,5,23628
"786",2553,65,2,10,27669
"787",2553,65,2,15,64364
"788",2553,65,2,25,66641
"789",2553,65,2,35,73851
"790",2553,65,2,45,68779
"791",2553,65,2,55,42366
"792",2553,65,2,65,40823
"793",2553,67,1,0,30686
"794",2553,67,1,5,31373
"795",2553,67,1,10,35955
"796",2553,67,1,15,74494
"797",2553,67,1,25,85958
"798",2553,67,1,35,85151
"799",2553,67,1,45,72430
"800",2553,67,1,55,43200
"801",2553,67,1,65,36210
"802",2553,67,2,0,28732
"803",2553,67,2,5,29723
"804",2553,67,2,10,34278
"805",2553,67,2,15,69675
"806",2553,67,2,25,82367
"807",2553,67,2,35,85914
"808",2553,67,2,45,76740
"809",2553,67,2,55,47073
"810",2553,67,2,65,45619
"811",2554,53,1,0,12109
"812",2554,53,1,5,13462
"813",2554,53,1,10,15470
"814",2554,53,1,15,31740
"815",2554,53,1,25,34351
"816",2554,53,1,35,38966
"817",2554,53,1,45,36720
"818",2554,53,1,55,24458
"819",2554,53,1,65,20470
"820",2554,53,2,0,11200
"821",2554,53,2,5,12475
"822",2554,53,2,10,14539
"823",2554,53,2,15,29858
"824",2554,53,2,25,33357
"825",2554,53,2,35,39913
"826",2554,53,2,45,39560
"827",2554,53,2,55,26833
"828",2554,53,2,65,26348
"829",2554,63,1,0,22712
"830",2554,63,1,5,23167
"831",2554,63,1,10,23613
"832",2554,63,1,15,44743
"833",2554,63,1,25,41797
"834",2554,63,1,35,39790
"835",2554,63,1,45,34210
"836",2554,63,1,55,21259
"837",2554,63,1,65,16676
"838",2554,63,2,0,20972
"839",2554,63,2,5,22131
"840",2554,63,2,10,21907
"841",2554,63,2,15,41164
"842",2554,63,2,25,39234
"843",2554,63,2,35,38799
"844",2554,63,2,45,34557
"845",2554,63,2,55,21931
"846",2554,63,2,65,19689
"847",2554,64,1,0,16881
"848",2554,64,1,5,17520
"849",2554,64,1,10,19817
"850",2554,64,1,15,40973
"851",2554,64,1,25,46006
"852",2554,64,1,35,51163
"853",2554,64,1,45,48189
"854",2554,64,1,55,29898
"855",2554,64,1,65,23330
"856",2554,64,2,0,15650
"857",2554,64,2,5,15931
"858",2554,64,2,10,18283
"859",2554,64,2,15,38996
"860",2554,64,2,25,45013
"861",2554,64,2,35,52846
"862",2554,64,2,45,52871
"863",2554,64,2,55,34970
"864",2554,64,2,65,33305
"865",2554,65,1,0,24027
"866",2554,65,1,5,25115
"867",2554,65,1,10,28032
"868",2554,65,1,15,66258
"869",2554,65,1,25,67047
"870",2554,65,1,35,69796
"871",2554,65,1,45,65519
"872",2554,65,1,55,40143
"873",2554,65,1,65,31874
"874",2554,65,2,0,22862
"875",2554,65,2,5,23576
"876",2554,65,2,10,26516
"877",2554,65,2,15,64545
"878",2554,65,2,25,65318
"879",2554,65,2,35,72708
"880",2554,65,2,45,70243
"881",2554,65,2,55,45068
"882",2554,65,2,65,41878
"883",2554,67,1,0,30310
"884",2554,67,1,5,31181
"885",2554,67,1,10,34744
"886",2554,67,1,15,73901
"887",2554,67,1,25,83565
"888",2554,67,1,35,84591
"889",2554,67,1,45,73248
"890",2554,67,1,55,45667
"891",2554,67,1,65,37079
"892",2554,67,2,0,28315
"893",2554,67,2,5,29550
"894",2554,67,2,10,32934
"895",2554,67,2,15,68815
"896",2554,67,2,25,80055
"897",2554,67,2,35,85030
"898",2554,67,2,45,77673
"899",2554,67,2,55,49969
"900",2554,67,2,65,46793
"901",2555,53,1,0,11816
"902",2555,53,1,5,13425
"903",2555,53,1,10,14661
"904",2555,53,1,15,31867
"905",2555,53,1,25,33318
"906",2555,53,1,35,38518
"907",2555,53,1,45,36956
"908",2555,53,1,55,25727
"909",2555,53,1,65,21006
"910",2555,53,2,0,11002
"911",2555,53,2,5,12412
"912",2555,53,2,10,13759
"913",2555,53,2,15,29891
"914",2555,53,2,25,32287
"915",2555,53,2,35,39272
"916",2555,53,2,45,39893
"917",2555,53,2,55,28288
"918",2555,53,2,65,27069
"919",2555,63,1,0,22326
"920",2555,63,1,5,22812
"921",2555,63,1,10,23055
"922",2555,63,1,15,45026
"923",2555,63,1,25,41353
"924",2555,63,1,35,39390
"925",2555,63,1,45,34289
"926",2555,63,1,55,22071
"927",2555,63,1,65,17109
"928",2555,63,2,0,20748
"929",2555,63,2,5,21802
"930",2555,63,2,10,21629
"931",2555,63,2,15,41362
"932",2555,63,2,25,38846
"933",2555,63,2,35,38376
"934",2555,63,2,45,35097
"935",2555,63,2,55,22967
"936",2555,63,2,65,20273
"937",2555,64,1,0,16644
"938",2555,64,1,5,17653
"939",2555,64,1,10,18725
"940",2555,64,1,15,41070
"941",2555,64,1,25,44640
"942",2555,64,1,35,50785
"943",2555,64,1,45,48656
"944",2555,64,1,55,31685
"945",2555,64,1,65,23949
"946",2555,64,2,0,15509
"947",2555,64,2,5,16037
"948",2555,64,2,10,17226
"949",2555,64,2,15,39241
"950",2555,64,2,25,43589
"951",2555,64,2,35,52161
"952",2555,64,2,45,53471
"953",2555,64,2,55,36759
"954",2555,64,2,65,34253
"955",2555,65,1,0,23838
"956",2555,65,1,5,25265
"957",2555,65,1,10,26590
"958",2555,65,1,15,66782
"959",2555,65,1,25,65676
"960",2555,65,1,35,69058
"961",2555,65,1,45,66578
"962",2555,65,1,55,42258
"963",2555,65,1,65,33032
"964",2555,65,2,0,22708
"965",2555,65,2,5,23668
"966",2555,65,2,10,25280
"967",2555,65,2,15,64208
"968",2555,65,2,25,64025
"969",2555,65,2,35,71583
"970",2555,65,2,45,71529
"971",2555,65,2,55,47545
"972",2555,65,2,65,43241
"973",2555,67,1,0,29997
"974",2555,67,1,5,31370
"975",2555,67,1,10,33208
"976",2555,67,1,15,73723
"977",2555,67,1,25,80820
"978",2555,67,1,35,84279
"979",2555,67,1,45,73959
"980",2555,67,1,55,47807
"981",2555,67,1,65,38327
"982",2555,67,2,0,28101
"983",2555,67,2,5,29576
"984",2555,67,2,10,31418
"985",2555,67,2,15,68501
"986",2555,67,2,25,77458
"987",2555,67,2,35,84310
"988",2555,67,2,45,78572
"989",2555,67,2,55,52407
"990",2555,67,2,65,48422
"991",2556,53,1,0,11663
"992",2556,53,1,5,13211
"993",2556,53,1,10,14059
"994",2556,53,1,15,31925
"995",2556,53,1,25,32436
"996",2556,53,1,35,38014
"997",2556,53,1,45,37190
"998",2556,53,1,55,26548
"999",2556,53,1,65,22043
"1000",2556,53,2,0,10783
"1001",2556,53,2,5,12316
"1002",2556,53,2,10,13130
"1003",2556,53,2,15,30010
"1004",2556,53,2,25,31398
"1005",2556,53,2,35,38596
"1006",2556,53,2,45,40230
"1007",2556,53,2,55,29270
"1008",2556,53,2,65,28322
"1009",2556,63,1,0,21934
"1010",2556,63,1,5,22487
"1011",2556,63,1,10,22598
"1012",2556,63,1,15,44995
"1013",2556,63,1,25,40832
"1014",2556,63,1,35,38961
"1015",2556,63,1,45,34597
"1016",2556,63,1,55,22626
"1017",2556,63,1,65,18087
"1018",2556,63,2,0,20559
"1019",2556,63,2,5,21373
"1020",2556,63,2,10,21430
"1021",2556,63,2,15,41368
"1022",2556,63,2,25,38439
"1023",2556,63,2,35,37969
"1024",2556,63,2,45,35718
"1025",2556,63,2,55,23811
"1026",2556,63,2,65,21415
"1027",2556,64,1,0,16352
"1028",2556,64,1,5,17644
"1029",2556,64,1,10,17838
"1030",2556,64,1,15,41322
"1031",2556,64,1,25,43354
"1032",2556,64,1,35,50182
"1033",2556,64,1,45,49340
"1034",2556,64,1,55,32457
"1035",2556,64,1,65,25473
"1036",2556,64,2,0,15322
"1037",2556,64,2,5,16114
"1038",2556,64,2,10,16337
"1039",2556,64,2,15,39451
"1040",2556,64,2,25,42238
"1041",2556,64,2,35,51383
"1042",2556,64,2,45,54034
"1043",2556,64,2,55,37550
"1044",2556,64,2,65,36266
"1045",2556,65,1,0,23736
"1046",2556,65,1,5,25266
"1047",2556,65,1,10,25471
"1048",2556,65,1,15,66839
"1049",2556,65,1,25,64463
"1050",2556,65,1,35,68232
"1051",2556,65,1,45,67308
"1052",2556,65,1,55,43914
"1053",2556,65,1,65,35043
"1054",2556,65,2,0,22438
"1055",2556,65,2,5,23668
"1056",2556,65,2,10,24412
"1057",2556,65,2,15,49014
"1058",2556,65,2,25,41709
"1059",2556,65,2,35,38786
"1060",2556,65,2,45,37037
"1061",2556,65,2,55,41133
"1062",2556,65,2,65,156905
"1063",2556,67,1,0,29558
"1064",2556,67,1,5,31385
"1065",2556,67,1,10,32008
"1066",2556,67,1,15,73822
"1067",2556,67,1,25,78625
"1068",2556,67,1,35,83710
"1069",2556,67,1,45,74863
"1070",2556,67,1,55,49275
"1071",2556,67,1,65,40709
"1072",2556,67,2,0,27809
"1073",2556,67,2,5,29476
"1074",2556,67,2,10,30288
"1075",2556,67,2,15,68653
"1076",2556,67,2,25,75265
"1077",2556,67,2,35,83392
"1078",2556,67,2,45,79539
"1079",2556,67,2,55,54201
"1080",2556,67,2,65,51472
"1081",2557,53,1,0,11504
"1082",2557,53,1,5,12968
"1083",2557,53,1,10,13731
"1084",2557,53,1,15,31666
"1085",2557,53,1,25,31708
"1086",2557,53,1,35,37320
"1087",2557,53,1,45,37123
"1088",2557,53,1,55,27322
"1089",2557,53,1,65,23232
"1090",2557,53,2,0,10684
"1091",2557,53,2,5,12042
"1092",2557,53,2,10,12844
"1093",2557,53,2,15,29957
"1094",2557,53,2,25,30695
"1095",2557,53,2,35,37731
"1096",2557,53,2,45,40384
"1097",2557,53,2,55,30130
"1098",2557,53,2,65,29657
"1099",2557,63,1,0,21717
"1100",2557,63,1,5,22290
"1101",2557,63,1,10,22587
"1102",2557,63,1,15,45075
"1103",2557,63,1,25,40673
"1104",2557,63,1,35,39063
"1105",2557,63,1,45,35434
"1106",2557,63,1,55,24270
"1107",2557,63,1,65,19394
"1108",2557,63,2,0,20475
"1109",2557,63,2,5,21081
"1110",2557,63,2,10,21560
"1111",2557,63,2,15,41395
"1112",2557,63,2,25,38398
"1113",2557,63,2,35,37976
"1114",2557,63,2,45,36522
"1115",2557,63,2,55,25348
"1116",2557,63,2,65,22695
"1117",2557,64,1,0,16098
"1118",2557,64,1,5,17531
"1119",2557,64,1,10,17553
"1120",2557,64,1,15,40997
"1121",2557,64,1,25,42344
"1122",2557,64,1,35,49365
"1123",2557,64,1,45,49330
"1124",2557,64,1,55,33209
"1125",2557,64,1,65,27433
"1126",2557,64,2,0,15143
"1127",2557,64,2,5,16104
"1128",2557,64,2,10,16094
"1129",2557,64,2,15,39096
"1130",2557,64,2,25,41042
"1131",2557,64,2,35,50420
"1132",2557,64,2,45,54007
"1133",2557,64,2,55,38227
"1134",2557,64,2,65,38593
"1135",2557,65,1,0,23736
"1136",2557,65,1,5,25239
"1137",2557,65,1,10,25200
"1138",2557,65,1,15,66113
"1139",2557,65,1,25,63189
"1140",2557,65,1,35,67308
"1141",2557,65,1,45,67289
"1142",2557,65,1,55,45729
"1143",2557,65,1,65,37342
"1144",2557,65,2,0,22317
"1145",2557,65,2,5,23600
"1146",2557,65,2,10,24109
"1147",2557,65,2,15,63367
"1148",2557,65,2,25,61386
"1149",2557,65,2,35,69061
"1150",2557,65,2,45,73039
"1151",2557,65,2,55,51299
"1152",2557,65,2,65,48359
"1153",2557,67,1,0,29201
"1154",2557,67,1,5,31161
"1155",2557,67,1,10,31584
"1156",2557,67,1,15,73449
"1157",2557,67,1,25,76389
"1158",2557,67,1,35,82693
"1159",2557,67,1,45,75187
"1160",2557,67,1,55,51072
"1161",2557,67,1,65,43315
"1162",2557,67,2,0,27530
"1163",2557,67,2,5,29192
"1164",2557,67,2,10,29804
"1165",2557,67,2,15,68379
"1166",2557,67,2,25,73241
"1167",2557,67,2,35,82240
"1168",2557,67,2,45,79835
"1169",2557,67,2,55,56203
"1170",2557,67,2,65,54627
"1171",2558,53,1,0,11176
"1172",2558,53,1,5,12671
"1173",2558,53,1,10,13506
"1174",2558,53,1,15,31350
"1175",2558,53,1,25,31114
"1176",2558,53,1,35,36704
"1177",2558,53,1,45,37042
"1178",2558,53,1,55,28291
"1179",2558,53,1,65,24174
"1180",2558,53,2,0,10443
"1181",2558,53,2,5,11718
"1182",2558,53,2,10,12660
"1183",2558,53,2,15,29591
"1184",2558,53,2,25,30135
"1185",2558,53,2,35,37068
"1186",2558,53,2,45,40330
"1187",2558,53,2,55,31276
"1188",2558,53,2,65,30835
"1189",2558,63,1,0,22940
"1190",2558,63,1,5,23752
"1191",2558,63,1,10,24179
"1192",2558,63,1,15,48273
"1193",2558,63,1,25,43418
"1194",2558,63,1,35,42004
"1195",2558,63,1,45,38573
"1196",2558,63,1,55,27926
"1197",2558,63,1,65,21656
"1198",2558,63,2,0,21548
"1199",2558,63,2,5,22349
"1200",2558,63,2,10,23184
"1201",2558,63,2,15,44302
"1202",2558,63,2,25,40922
"1203",2558,63,2,35,40643
"1204",2558,63,2,45,39460
"1205",2558,63,2,55,28893
"1206",2558,63,2,65,24946
"1207",2558,64,1,0,15626
"1208",2558,64,1,5,17258
"1209",2558,64,1,10,17459
"1210",2558,64,1,15,40268
"1211",2558,64,1,25,41652
"1212",2558,64,1,35,48713
"1213",2558,64,1,45,49148
"1214",2558,64,1,55,34558
"1215",2558,64,1,65,28789
"1216",2558,64,2,0,14763
"1217",2558,64,2,5,15923
"1218",2558,64,2,10,16017
"1219",2558,64,2,15,38335
"1220",2558,64,2,25,40198
"1221",2558,64,2,35,49500
"1222",2558,64,2,45,53965
"1223",2558,64,2,55,39644
"1224",2558,64,2,65,40269
"1225",2558,65,1,0,23401
"1226",2558,65,1,5,24791
"1227",2558,65,1,10,25256
"1228",2558,65,1,15,65367
"1229",2558,65,1,25,62482
"1230",2558,65,1,35,66829
"1231",2558,65,1,45,67427
"1232",2558,65,1,55,47623
"1233",2558,65,1,65,39154
"1234",2558,65,2,0,22088
"1235",2558,65,2,5,23332
"1236",2558,65,2,10,23917
"1237",2558,65,2,15,63253
"1238",2558,65,2,25,60413
"1239",2558,65,2,35,68428
"1240",2558,65,2,45,73361
"1241",2558,65,2,55,53410
"1242",2558,65,2,65,50662
"1243",2558,67,1,0,28684
"1244",2558,67,1,5,30686
"1245",2558,67,1,10,31209
"1246",2558,67,1,15,72808
"1247",2558,67,1,25,74674
"1248",2558,67,1,35,82495
"1249",2558,67,1,45,75607
"1250",2558,67,1,55,53084
"1251",2558,67,1,65,45166
"1252",2558,67,2,0,27072
"1253",2558,67,2,5,28647
"1254",2558,67,2,10,29514
"1255",2558,67,2,15,67564
"1256",2558,67,2,25,71695
"1257",2558,67,2,35,81625
"1258",2558,67,2,45,80352
"1259",2558,67,2,55,58552
"1260",2558,67,2,65,56963
